1000001;Pilot1;address1;mail1;1;January 25, 2010;A001;74802
1000002;Pilot2;address2;mail2;2;November 15, 2009;A002;59983
1000003;Pilot3;address3;mail3;3;October 31, 2004;A003;82788
1000004;Pilot4;address4;mail4;4;September 11, 2001;A004;50697
1000005;Pilot5;address5;mail5;5;November 15, 2005;A005;34666
1000006;Pilot6;address6;mail6;6;January 25, 2011;A006;43657
1000007;Pilot7;address7;mail7;7;November 15, 2010;A007;46172
1000008;Pilot8;address8;mail8;8;October 31, 2005;A008;18910
1000009;Pilot9;address9;mail9;9;September 9, 2002;A009;64945
1000010;Pilot10;address10;mail10;10;November 15, 2006;A010;86643
1000011;Pilot11;address11;mail11;11;January 25, 2012;A011;87473
1000012;Pilot12;address12;mail12;12;November 15, 2011;A012;31835
1000013;Pilot13;address13;mail13;13;October 31, 2006;A013;63357
1000014;Pilot14;address14;mail14;14;September 9, 2003;A014;16712
1000015;Pilot15;address15;mail15;15;November 15, 2007;A015;38341
1000016;Pilot16;address16;mail16;16;January 25, 2007;A016;60138
1000017;Pilot17;address17;mail17;17;November 15, 2012;A017;50708
1000018;Pilot18;address18;mail18;18;October 31, 2007;A018;67333
1000019;Pilot19;address19;mail19;19;September 9, 2004;A019;8882
1000020;Pilot20;address20;mail20;20;November 15, 2008;A020;91334
